{"cameraMode":{"drawMode":0,"name":"Shaded","section":"Shading Mode"},"sceneLighting":true,"audioPlay":false,"sceneViewState":{"m_AlwaysRefresh":false,"showFog":true,"showSkybox":true,"showFlares":true,"showImageEffects":true,"showParticleSystems":true,"showVisualEffectGraphs":true,"m_FxEnabled":true},"in2DMode":false,"pivot":{"x":454.3345031738281,"y":194.01133728027345,"z":5.549924850463867},"rotation":{"x":0.019188253208994867,"y":0.009595527313649655,"z":0.00018403748981654644,"w":-0.9997707605361939},"size":204.30938720703126,"orthographic":false}